scenario_id,domain,document_id,expected_retrieval_chunk_ids,baseline_question,ground_truth_context,ground_truth_answer,question_type,answerability_label,reviewer_status
CYB-S002,cyber_incident_response,CYB-001,"[""CYB-001_C15""]",Which channels does the guide recommend for reporting a cyber attack to law enforcement?,Report to law enforcement Always remember that a cyber attack is a crime. Report to law enforcement via Report Fraud or through Police Scotland's 101 call centre. The NCSC strongly encourage the reporting of a cyber incident; many go unreported because of personal embarrassment.,"Report Fraud, or Police Scotland's 101 call centre.",resource_seeking,yes,pending
CYB-S003,cyber_incident_response,CYB-001,"[""CYB-001_C14""]",What actions may be required when an organisation that manages its own IT activates its incident plan?,"If you manage your own IT: put your plan into action. It's time to activate the incident plan you made in Step 1. Depending on the type of incident you are responding to, this may involve: replacing infected hardware; restoring services through backups; patching software; cleaning infected machines; changing passwords.","Replacing infected hardware, restoring services through backups, patching software, cleaning infected machines, and changing passwords.",procedural_guidance,yes,pending
CYB-S004,cyber_incident_response,CYB-003,"[""CYB-003_C16""]",What is the difference between a hot debrief and a formal debrief?,There are two types of debriefs organisations may hold after experiencing a cybersecurity incident: a hot debrief and a formal debrief (or cold debrief). A hot debrief is held immediately after an organisation has recovered its networks and systems. A formal debrief is held days to weeks after an organisation has recovered its networks and systems.,A hot debrief is held immediately after recovery; a formal debrief is held days to weeks afterwards.,clarification,yes,pending
CYB-S005,cyber_incident_response,CYB-003,"[""CYB-003_C05""]",How does the guidance define a cybersecurity incident?,"An unwanted or unexpected cybersecurity event, or a series of such events, that either has compromised business operations or has a significant probability of compromising business operations.","An unwanted or unexpected cybersecurity event, or a series of such events, that either has compromised business operations or has a significant probability of compromising them.",factual_information,yes,pending
CYB-S006,cyber_incident_response,CYB-003,"[""CYB-003_C17""]",Which questions could a facilitator use to guide discussion during a hot debrief?,Content. The facilitator could guide discussion using the following questions: What went well? What could we do differently next time to improve? What action has been taken to remediate immediate risk? Are there any further issues that require immediate resolution?,What went well; what could be done differently next time to improve; what action has been taken to remediate immediate risk; and whether any further issues require immediate resolution.,procedural_guidance,yes,pending
CYB-S007,cyber_incident_response,CYB-004,"[""CYB-004_C06""]",What reason does the publication give for no longer providing detailed incident response procedures?,"The scope of this publication differs significantly from previous versions. Because the details of how to perform incident response activities change so often and vary so much across technologies, environments, and organizations, it is no longer feasible to capture and maintain that information in a single static publication.","The details change too often and vary too much across technologies, environments and organisations to be captured in a single static publication.",factual_information,yes,pending
CYB-S008,cyber_incident_response,CYB-004,"[""CYB-004_C09"", ""CYB-004_C10""]",Is incident response best handled as a separate set of activities performed by a separate team?,"At that time, incidents were relatively rare, the scope of most incidents was narrow and well-defined, and incident response and recovery was usually completed within a day or two. Under those conditions, it was realistic to treat incident response as a separate set of activities performed by a separate team of personnel. However, the current state of incident response has greatly changed since then. Incident response is now considered a critical part of cybersecurity risk management that should be integrated across organizational operations.",No. That was realistic when incidents were rare and narrow in scope. Incident response is now considered a critical part of cybersecurity risk management that should be integrated across organisational operations.,misinformation_correction,yes,pending
CYB-S009,cyber_incident_response,CYB-004,"[""CYB-004_C12""]",Which of the six CSF 2.0 Functions support preparation rather than incident response itself?,"The bottom level reflects that the preparation activities of Govern, Identify, and Protect are not part of the incident response itself. Rather, they are much broader cybersecurity risk management activities that also support incident response. Incident response is shown in the top level of the figure: Detect, Respond, and Recover.","Govern, Identify and Protect. Detect, Respond and Recover make up the incident response itself.",clarification,yes,pending
CYB-S010,cyber_incident_response,CYB-001,"[""CYB-001_C05""]",Which threats should a small organisation prepare for first?,"So it is impractical to develop detailed step-by-step instructions to manage every type of incident, as the list could be endless. Instead you should prepare your business for the most common threats you face by developing plans to handle those incidents most likely to occur.","The most common threats it faces, by developing plans for the incidents most likely to occur, rather than trying to cover every possible type of incident.",prioritization,yes,pending
CYB-S011,cyber_incident_response,CYB-001,"[""CYB-001_C13""]",Where does the guide suggest looking for advice when trying to identify a cyber incident?,"Use the information you have gathered to look for advice online from trusted sources such as police or security websites. You may be able to find instructions there on how to fix the problem, although care should be taken before acting on unverified advice. In the case of internet outage, contact your ISP (using the details you have already identified in your incident plan) in the first instance; most will have pages that relate to service availability.","Trusted sources online such as police or security websites, with care taken before acting on unverified advice. For an internet outage, the ISP in the first instance.",resource_seeking,yes,pending
DIS-S001,natural_disaster,DIS-001,"[""DIS-001_C02""]","What are the three actions that make up Drop, Cover, and Hold On?","Practice Drop, Cover, and Hold On with family and coworkers. Drop to your hands and knees. Cover your head and neck with your arms. Crawl only as far as needed to reach cover from falling materials. Hold on to any sturdy furniture until the shaking stops.",Drop to your hands and knees; cover your head and neck with your arms; hold on to sturdy furniture until the shaking stops.,factual_information,yes,pending
DIS-S002,natural_disaster,DIS-001,"[""DIS-001_C01""]",Is a doorway a recommended place to shelter during an earthquake?,"IF AN EARTHQUAKE HAPPENS, PROTECT YOURSELF RIGHT AWAY. If in a vehicle, pull over and stop. If in bed, stay there. If outdoors, stay outdoors. Do not get in a doorway. Do not run outside.",No. The sheet states that you should not get in a doorway.,misinformation_correction,yes,pending
DIS-S003,natural_disaster,DIS-001,"[""DIS-001_C03""]",What should someone do if an earthquake happens while they are in a vehicle?,"If in a vehicle, stop in a clear area that is away from buildings, trees, overpasses, underpasses, or utility wires.","Stop in a clear area away from buildings, trees, overpasses, underpasses and utility wires.",procedural_guidance,yes,pending
DIS-S004,natural_disaster,DIS-002,"[""DIS-002_C04""]",What should someone do if they become trapped in a building during a flood?,"If trapped in a building, go to its highest level. Do not climb into a closed attic. You may become trapped by rising floodwater. Go on the roof only if necessary. Signal for help.","Go to the highest level of the building, avoid a closed attic, go on the roof only if necessary, and signal for help.",procedural_guidance,yes,pending
DIS-S005,natural_disaster,DIS-002,"[""DIS-002_C03""]",Where can someone find information about the type of flood risk in their area?,Know your area's type of flood risk. Visit FEMA's Flood Map Service Center at https://msc.fema.gov/portal for information.,FEMA's Flood Map Service Center.,resource_seeking,yes,pending
DIS-S007,natural_disaster,DIS-003,"[""DIS-003_C01""]",Which shelter locations should be prioritized when a tornado warning is issued?,"IF YOU ARE UNDER A TORNADO WARNING, FIND SAFE SHELTER RIGHT AWAY. Go to a safe room, basement, or storm cellar. If there is no basement, get to a small, interior room on the lowest level. Stay away from windows, doors, and outside walls.","A safe room, basement or storm cellar first; if there is no basement, a small interior room on the lowest level, away from windows, doors and outside walls.",prioritization,yes,pending
DIS-S008,natural_disaster,DIS-003,"[""DIS-003_C02""]",What signs may indicate that a tornado is approaching?,"Know the signs of a tornado, including a rotating funnel-shaped cloud, an approaching cloud of debris, or a loud roar - similar to a freight train.","A rotating funnel-shaped cloud, an approaching cloud of debris, or a loud roar similar to a freight train.",factual_information,yes,pending
DIS-S009,natural_disaster,DIS-003,"[""DIS-003_C04""]",How does the guide recommend communicating with family and friends after a tornado?,Save your phone calls for emergencies. Phone systems are often down or busy after a disaster. Use text messaging or social media to communicate with family and friends.,"Save phone calls for emergencies because phone systems are often down or busy after a disaster, and use text messaging or social media instead.",procedural_guidance,yes,pending
DIS-S010,natural_disaster,DIS-004,"[""DIS-004_C03"", ""DIS-004_C05""]",What is the difference between a Flood Watch and a Flood Warning?,"A Flood Warning is issued when the hazardous weather event is imminent or already happening. A Flood Watch is issued when conditions are favorable for flooding. It does not mean flooding will occur, but it is possible.",A Flood Watch means conditions are favourable for flooding but it may not occur; a Flood Warning means flooding is imminent or already happening.,clarification,yes,pending
DIS-S012,natural_disaster,DIS-004,"[""DIS-004_C02""]",What action does the National Weather Service advise when a Flash Flood Warning is issued?,A Flash Flood Warning is issued when a flash flood is imminent or occurring. If you are in a flood prone area move immediately to high ground.,Move immediately to high ground if you are in a flood prone area.,factual_information,yes,pending
INF-S001,infrastructure_disruption,INF-001,"[""INF-001_C05""]",Is it safe to use a gas stove or oven to heat a home during a power outage?,"Stay fire safe. Use flashlights, lanterns and other battery-powered lights. Don't use gas stoves or candles to heat your home. Never use a gas stovetop, oven, grill or dryer to heat your home. Always use fireplaces, portable heaters and wood-burning stoves safely.","No. A gas stovetop, oven, grill or dryer must never be used to heat a home.",misinformation_correction,yes,pending
INF-S003,infrastructure_disruption,INF-001,"[""INF-001_C05""]",What precautions apply when using a vehicle as a source of power or warmth during an outage?,"Don't leave a vehicle running inside a garage, even if the garage door is left open. If you use your vehicle as a source of power or warmth, make sure to run it in a well-ventilated place outside.",Do not leave it running inside a garage even with the door open; run it in a well ventilated place outside.,procedural_guidance,yes,pending
INF-S004,infrastructure_disruption,INF-002,"[""INF-002_C01""]",What are the primary hazards to avoid when using a portable generator?,"The primary hazards to avoid when using a generator are carbon monoxide (CO) poisoning from the toxic engine exhaust, electric shock or electrocution, fire and burns.","Carbon monoxide poisoning from the engine exhaust, electric shock or electrocution, and fire and burns.",factual_information,yes,pending
INF-S005,infrastructure_disruption,INF-002,"[""INF-002_C04""]",Is it safe to power house wiring by plugging a generator into a wall outlet?,"NEVER try to power the house wiring by plugging the generator into a wall outlet, a practice known as backfeeding. This is extremely dangerous and presents an electrocution risk to utility workers and neighbors served by the same utility transformer. It also bypasses some of the built-in household circuit protection devices.","No. This practice, called backfeeding, risks electrocuting utility workers and neighbours on the same transformer and bypasses built-in circuit protection.",misinformation_correction,yes,pending
INF-S006,infrastructure_disruption,INF-002,"[""INF-002_C05""]",How should fuel for a generator be stored?,"Never store fuel for your generator in the home. Gasoline, propane, kerosene, and other flammable liquids should be stored outside of living areas in properly-labeled, non-glass safety containers. Do not store them near a fuel-burning appliance, such as a natural gas water heater in a garage.","Outside living areas, in properly labelled non-glass safety containers, and not near a fuel-burning appliance. Never in the home.",procedural_guidance,yes,pending
INF-S007,infrastructure_disruption,INF-003,"[""INF-003_C05"", ""INF-003_C06""]",What is the difference between refrigerated foods that must be discarded after a power outage and those that remain safe to eat?,"Discard the following if your refrigerator has been without power for more than 4 hours: raw, cooked, or leftover meat, poultry, fish, eggs; luncheon meat; casseroles, soups, stews; mixed salads; gravy and stuffing; milk, cream, yogurt and soft cheeses; cut fruits and vegetables. Safe-to-eat foods: high-acid foods such as mustard, ketchup, relishes, pickles, jams and jellies; foods that do not require refrigeration, such as whole fresh fruits and vegetables, unopened juices, and dried fruits.","Discard perishables such as meat, poultry, fish, eggs, dairy and cut produce after more than four hours without power. High-acid foods such as mustard, ketchup, pickles and jams, and foods that need no refrigeration such as whole fresh produce and unopened juices, remain safe.",clarification,yes,pending
INF-S008,infrastructure_disruption,INF-003,"[""INF-003_C03""]",Should perishable food be placed outside in the snow during a winter power outage?,"During a snowstorm, do not place perishable food out in the snow. Outside temperatures can vary and food can be exposed to unsanitary conditions and animals. Instead, make ice. Fill buckets, empty milk containers, or cans with water and leave them outside to freeze.",No. Outside temperatures vary and food can be exposed to unsanitary conditions and animals. Make ice instead by filling containers with water and leaving them outside to freeze.,misinformation_correction,yes,pending
INF-S009,infrastructure_disruption,INF-003,"[""INF-003_C02""]",What should be done in advance so that stored food stays safe if the power fails?,Keep an appliance thermometer in both the refrigerator and freezer. Group foods together in both the refrigerator and freezer. Keep the freezer full. Freeze refrigerated items that you may not need immediately.,"Keep an appliance thermometer in the refrigerator and freezer, group foods together, keep the freezer full, and freeze refrigerated items not needed immediately.",procedural_guidance,yes,pending
INF-S010,infrastructure_disruption,INF-004,"[""INF-004_C01""]",Where should someone look for official information during a power outage?,"Listen closely to reports from officials and energy suppliers with battery-operated radios, computers, mobile phones, and other mobile devices. Newspapers and local media reports are other tools. Officials and energy suppliers should communicate basic information about what to do during an emergency and the status of restoration efforts.","Reports from officials and energy suppliers, received through battery-operated radios, computers, mobile phones and other mobile devices, as well as newspapers and local media.",resource_seeking,yes,pending
INF-S013,infrastructure_disruption,INF-003,"[""INF-003_C10""]",Which foods and utensils should be discarded after floodwater has entered a home?,"Do not eat any food that may have come in contact with flood water. Discard any food that is not in a waterproof container. Also discard cardboard juice, milk and baby formula boxes and home canned foods. Inspect canned foods; discard any food in damaged cans. Discard wooden cutting boards, plastic utensils, baby bottle nipples, and pacifiers that may have come in contact with flood waters.","Any food that may have touched floodwater, food not in a waterproof container, cardboard cartons, home canned foods, food in damaged cans, and wooden cutting boards, plastic utensils, baby bottle nipples and pacifiers.",procedural_guidance,yes,pending
